sub,manual_ROI(from posterior to anterior),cluster_id,note
1,IOG-words,1,
1,PON-words,2,
1,pOTS-words,"13,15,16,18,19",
1,mOTS-words,"23,25,27",
1,mFus-words,"30,35",
2,IOG-words,"2,4","Not so sure about 4, but it is close to an IOG-faces area of activation"
2,PON-words,"8,10",
2,pOTS-words,"13,14,19,20",
2,mOTS-words,"17,21,23,26,27",Not so sure about 27
2,mFus-words,"29,31",
3,IOG-words,"2,5,8","It could also be only 4 or only 15, not sure"
3,PON-words,18,
3,pOTS-words,24,
3,mOTS-words,28,
3,mFus-words,44,
4,IOG-words,0,
4,PON-words,2,
4,pOTS-words,6,Not sure if merge with 8
4,mOTS-words,12,
4,mFus-words,22,
5,IOG-words,9,
5,PON-words,"5,6",
5,pOTS-words,14,
5,mOTS-words,"23,26",
5,mFus-words,30,
