Lang,sub,manual_ROI(from posterior to anterior),cluster_id
ES,11,IOG-words,"0,2"
ES,11,PON-words,3
ES,11,pOTS-words,"7,13"
ES,11,mOTS-words,"16,21,23"
ES,11,mFus-words,"17,20"
CN,10,IOG-words,3
CN,10,PON-words,"5,8"
CN,10,pOTS-words,"10,11,14"
CN,10,mOTS-words,"17,24"
CN,10,mFus-words,22
FR,9,IOG-words,1
FR,9,PON-words,2
FR,9,pOTS-words,"10,18"
FR,9,mOTS-words,"29,24"
FR,9,mFus-words,"27,34"
IT,8,IOG-words,"1,2"
IT,8,PON-words,"8,12,14"
IT,8,pOTS-words,"17,22,19,24"
IT,8,mOTS-words,"27,31"
IT,8,mFus-words,"46,48"
CN,7,IOG-words,"2,8"
CN,7,PON-words,13
CN,7,pOTS-words,"14,15,17,19"
CN,7,mOTS-words,22
CN,7,mFus-words,"25,28"
FR,6,IOG-words,4
FR,6,PON-words,11
FR,6,pOTS-words,17
FR,6,mOTS-words,"22,25"
FR,6,mFus-words,27
ES,5,IOG-words,7
ES,5,PON-words,13
ES,5,pOTS-words,"15,36,37"
ES,5,mOTS-words,"45,46"
ES,5,mFus-words,44
AT,4,IOG-words,"0,9"
AT,4,PON-words,10
AT,4,pOTS-words,"21,28"
AT,4,mOTS-words,40
AT,4,mFus-words,"36,37"
IT,3,IOG-words,"1,6,7"
IT,3,PON-words,9
IT,3,pOTS-words,"26,27"
IT,3,mOTS-words,"39,33"
IT,3,mFus-words,46
AT,2,IOG-words,3
AT,2,PON-words,8
AT,2,pOTS-words,"12,13,14"
AT,2,mOTS-words,"20,16,22"
AT,2,mFus-words,"28,26"
ES,1,IOG-words,5
ES,1,PON-words,11
ES,1,pOTS-words,"19,18,21,23,25"
ES,1,mOTS-words,"28,35,29,30,31"
ES,1,mFus-words,36
